id,tx_line_length,voltage,state,region,owner,lon,lat
110903,301729.27657946857,765.0,New York,NE,NOT AVAILABLE,-75.20544255405329,44.44271358025614
129372,8556.671940512359,500.0,Pennsylvania,NE,PECO ENERGY CO,-75.33872271814919,40.18513556394907
109569,110496.6018151575,500.0,New Jersey,NE,NOT AVAILABLE,-74.89667434055302,39.74831156414164
110903,301729.27657946857,765.0,New York,NE,NOT AVAILABLE,-75.21039316958408,44.498059446924174
135887,157459.15374014553,500.0,Pennsylvania,NE,NOT AVAILABLE,-75.74458093469369,40.339165789000965
143442,100493.67319009152,500.0,Maryland,NE,NOT AVAILABLE,-76.81004493524559,39.49714106871746
137877,35174.694634009385,500.0,Maryland,NE,THE POTOMAC EDISON COMPANY,-77.44925896230346,39.28878673616108
131724,186363.80015318145,500.0,Pennsylvania,NE,NOT AVAILABLE,-76.05100301457317,40.47044835103299
146721,50629.56647755564,500.0,New Jersey,NE,ATLANTIC CITY ELECTRIC CO,-75.02126546292668,39.62887234670502
144843,93073.90518822204,500.0,Pennsylvania,NE,NOT AVAILABLE,-77.01536872658815,40.142853241037436
135887,157459.15374014553,500.0,Pennsylvania,NE,NOT AVAILABLE,-76.1649297852548,40.21954405071525
120472,92798.06638301637,500.0,Pennsylvania,NE,PPL ELECTRIC UTILITIES CORP,-76.6315062996628,40.883837767027295
143442,100493.67319009152,500.0,Maryland,NE,NOT AVAILABLE,-76.63405383197704,39.647922858805046
135887,157459.15374014553,500.0,Pennsylvania,NE,NOT AVAILABLE,-76.65887410361421,40.17644985875186
138454,235992.91462403352,500.0,Pennsylvania,NE,NOT AVAILABLE,-78.82581520513222,40.40910198989366
127046,42474.289245867534,500.0,New Jersey,NE,NOT AVAILABLE,-74.7332498623205,40.54251039221862
129943,42041.8152805813,500.0,Pennsylvania,NE,PPL ELECTRIC UTILITIES CORP,-75.38594266105895,40.49433865978671
110903,301729.27657946857,765.0,New York,NE,NOT AVAILABLE,-75.2762693243144,44.131365735972956
144843,93073.90518822204,500.0,Pennsylvania,NE,NOT AVAILABLE,-77.15764740561492,40.36376648424206
120472,92798.06638301637,500.0,Pennsylvania,NE,PPL ELECTRIC UTILITIES CORP,-76.43908698614135,40.94733799233259
131724,186363.80015318145,500.0,Pennsylvania,NE,NOT AVAILABLE,-76.86837685855683,40.399120669307145
109569,110496.6018151575,500.0,New Jersey,NE,NOT AVAILABLE,-74.64564876092747,40.16651553479054
121511,258521.18622888593,500.0,Pennsylvania,NE,NOT AVAILABLE,-77.74158270334924,40.463894983082795
147656,85175.33222356951,500.0,New Jersey,NE,JERSEY CENTRAL POWER & LT CO,-74.7345082223705,40.89980867824155
147656,85175.33222356951,500.0,New Jersey,NE,JERSEY CENTRAL POWER & LT CO,-74.65575265191713,40.97455048100429
127046,42474.289245867534,500.0,New Jersey,NE,NOT AVAILABLE,-74.48695138121339,40.40542303927099
121511,258521.18622888593,500.0,Pennsylvania,NE,NOT AVAILABLE,-78.82736884141609,40.603896272960846
112512,85050.1767172072,500.0,Pennsylvania,NE,NOT AVAILABLE,-76.67268300616169,40.05278775465989
135887,157459.15374014553,500.0,Pennsylvania,NE,NOT AVAILABLE,-76.1253403120314,40.22053535282087
111829,79304.92375822058,500.0,Pennsylvania,NE,NOT AVAILABLE,-79.69998422357223,40.232846735877594
144843,93073.90518822204,500.0,Pennsylvania,NE,NOT AVAILABLE,-77.11562691156969,40.26171133765933
138454,235992.91462403352,500.0,Pennsylvania,NE,NOT AVAILABLE,-77.4566610802446,39.93698374381622
120323,38422.363092769534,500.0,Pennsylvania,NE,NOT AVAILABLE,-79.99193821804708,40.7338115642176
117214,119376.86280401035,500.0,Pennsylvania,NE,NOT AVAILABLE,-75.8734773202031,40.02828018332324
135887,157459.15374014553,500.0,Pennsylvania,NE,NOT AVAILABLE,-75.60546378737618,40.37551198500953
120472,92798.06638301637,500.0,Pennsylvania,NE,PPL ELECTRIC UTILITIES CORP,-76.59210924557328,40.895817075779796
111829,79304.92375822058,500.0,Pennsylvania,NE,NOT AVAILABLE,-79.49754267592046,40.488207180720494
138454,235992.91462403352,500.0,Pennsylvania,NE,NOT AVAILABLE,-78.7872718200572,40.40216543918369
106791,54818.56359012669,500.0,Pennsylvania,NE,NOT AVAILABLE,-79.19068571532371,40.519104472692106
121511,258521.18622888593,500.0,Pennsylvania,NE,NOT AVAILABLE,-78.64504632219356,40.5832083367107
110903,301729.27657946857,765.0,New York,NE,NOT AVAILABLE,-75.2475729120578,43.38334788985392
111121,81078.61868991188,500.0,Pennsylvania,NE,PPL ELECTRIC UTILITIES CORP,-76.92629097542941,40.82229488904494
117214,119376.86280401035,500.0,Pennsylvania,NE,NOT AVAILABLE,-75.76439776986136,40.10401556088761
121511,258521.18622888593,500.0,Pennsylvania,NE,NOT AVAILABLE,-77.77142913883256,40.47061338833598
110903,301729.27657946857,765.0,New York,NE,NOT AVAILABLE,-75.3214203572933,44.024104382030075
131724,186363.80015318145,500.0,Pennsylvania,NE,NOT AVAILABLE,-76.58160156186342,40.408364828671296
127288,141836.44368661422,500.0,Pennsylvania,NE,NOT AVAILABLE,-75.57996133511224,40.67711184321902
148432,250544.3085953116,500.0,Pennsylvania,NE,NOT AVAILABLE,-78.23491302321193,40.562632951676775
110903,301729.27657946857,765.0,New York,NE,NOT AVAILABLE,-74.90713567388916,44.89142016712643
138454,235992.91462403352,500.0,Pennsylvania,NE,NOT AVAILABLE,-78.53059125319166,40.32948247876625
143442,100493.67319009152,500.0,Maryland,NE,NOT AVAILABLE,-77.01496457544016,39.421337446080045
124541,57122.70559411835,500.0,Maryland,NE,NOT AVAILABLE,-76.69402697731236,39.033733991680066
132142,99533.54604598744,500.0,Maryland,NE,BALTIMORE GAS & ELECTRIC CO,-76.60486956265594,38.94018512290051
129943,42041.8152805813,500.0,Pennsylvania,NE,PPL ELECTRIC UTILITIES CORP,-75.35390271931483,40.50188169471605
109569,110496.6018151575,500.0,New Jersey,NE,NOT AVAILABLE,-74.7660967606843,40.02090856131385
129372,8556.671940512359,500.0,Pennsylvania,NE,PECO ENERGY CO,-75.33643102602788,40.188918988975075
135283,99555.86006265123,500.0,Maryland,NE,BALTIMORE GAS & ELECTRIC CO,-76.5206281415609,38.501500341209066
144843,93073.90518822204,500.0,Pennsylvania,NE,NOT AVAILABLE,-77.10358580366982,40.24152679385379
111829,79304.92375822058,500.0,Pennsylvania,NE,NOT AVAILABLE,-79.3981613373861,40.57180003230323
148432,250544.3085953116,500.0,Pennsylvania,NE,NOT AVAILABLE,-77.80822907360415,40.47615574097706
164361,9442.871740636883,500.0,Maryland,NE,NOT AVAILABLE,-76.82888134911217,38.70504237970301
109569,110496.6018151575,500.0,New Jersey,NE,NOT AVAILABLE,-74.76736185809895,39.88343843634424
121511,258521.18622888593,500.0,Pennsylvania,NE,NOT AVAILABLE,-77.4780702690849,40.437415439731566
143695,38096.42442943705,500.0,New Jersey,NE,NOT AVAILABLE,-74.42280081378703,40.35637606672724
132142,99533.54604598744,500.0,Maryland,NE,BALTIMORE GAS & ELECTRIC CO,-76.44635300931695,38.43176867024299
125278,10082.84529579393,500.0,Pennsylvania,NE,PPL ELECTRIC UTILITIES CORP,-75.54227736826955,40.473747995002974
120323,38422.363092769534,500.0,Pennsylvania,NE,NOT AVAILABLE,-79.94720975257783,40.74916694803414
117214,119376.86280401035,500.0,Pennsylvania,NE,NOT AVAILABLE,-75.63528866329268,40.211361077277104
128004,32827.67367024592,500.0,New Jersey,NE,NOT AVAILABLE,-74.50398462028491,40.26593288687378
147656,85175.33222356951,500.0,New Jersey,NE,JERSEY CENTRAL POWER & LT CO,-74.76138788179651,40.81058688984752
128004,32827.67367024592,500.0,New Jersey,NE,NOT AVAILABLE,-74.50498255873404,40.258416585241974
147656,85175.33222356951,500.0,New Jersey,NE,JERSEY CENTRAL POWER & LT CO,-74.79807642457455,40.627950930195546
129943,42041.8152805813,500.0,Pennsylvania,NE,PPL ELECTRIC UTILITIES CORP,-75.40663221042345,40.48757487278442
112704,37924.18687241858,500.0,Maryland,NE,NOT AVAILABLE,-77.15168022327099,39.277947504042345
144843,93073.90518822204,500.0,Pennsylvania,NE,NOT AVAILABLE,-77.09766357032773,40.224645888798925
138454,235992.91462403352,500.0,Pennsylvania,NE,NOT AVAILABLE,-78.04779520717125,40.18170435075685
127288,141836.44368661422,500.0,Pennsylvania,NE,NOT AVAILABLE,-75.51017086136288,40.73953047371359
132142,99533.54604598744,500.0,Maryland,NE,BALTIMORE GAS & ELECTRIC CO,-76.48596745570521,38.45840667691943
148432,250544.3085953116,500.0,Pennsylvania,NE,NOT AVAILABLE,-77.3101269029522,40.43139528031798
135887,157459.15374014553,500.0,Pennsylvania,NE,NOT AVAILABLE,-75.71486637189406,40.3399379432075
131724,186363.80015318145,500.0,Pennsylvania,NE,NOT AVAILABLE,-76.8811363491894,40.401334276780474
111121,81078.61868991188,500.0,Pennsylvania,NE,PPL ELECTRIC UTILITIES CORP,-76.94324344158385,40.78690684683642
110903,301729.27657946857,765.0,New York,NE,NOT AVAILABLE,-75.31671623857818,43.93479747223318
121398,94591.92541625485,500.0,Pennsylvania,NE,NOT AVAILABLE,-76.16162155955797,41.114691155804685
135283,99555.86006265123,500.0,Maryland,NE,BALTIMORE GAS & ELECTRIC CO,-76.55369746368739,38.57420778572137
121511,258521.18622888593,500.0,Pennsylvania,NE,NOT AVAILABLE,-79.06230218339992,40.62255933398338
111829,79304.92375822058,500.0,Pennsylvania,NE,NOT AVAILABLE,-79.59203143009141,40.434266147020644
148432,250544.3085953116,500.0,Pennsylvania,NE,NOT AVAILABLE,-78.05842308456779,40.531930782764846
112512,85050.1767172072,500.0,Pennsylvania,NE,NOT AVAILABLE,-76.44076530858668,39.86890045810842
112704,37924.18687241858,500.0,Maryland,NE,NOT AVAILABLE,-77.15104939124417,39.28247673730402
124541,57122.70559411835,500.0,Maryland,NE,NOT AVAILABLE,-76.87437293341527,39.14079875388956
127288,141836.44368661422,500.0,Pennsylvania,NE,NOT AVAILABLE,-75.78607816008595,41.022519752723646
121511,258521.18622888593,500.0,Pennsylvania,NE,NOT AVAILABLE,-77.9556138656391,40.51288312823055
120472,92798.06638301637,500.0,Pennsylvania,NE,PPL ELECTRIC UTILITIES CORP,-76.4268838221642,40.954322664172146
138454,235992.91462403352,500.0,Pennsylvania,NE,NOT AVAILABLE,-78.80324323698815,40.40393745470344
135283,99555.86006265123,500.0,Maryland,NE,BALTIMORE GAS & ELECTRIC CO,-76.62423102383978,38.981978667672
121511,258521.18622888593,500.0,Pennsylvania,NE,NOT AVAILABLE,-77.46126916815754,40.43378307366347
117960,16906.68434295742,500.0,Delaware,NE,DELMARVA POWER,-75.72651356944013,39.634908140915634
148432,250544.3085953116,500.0,Pennsylvania,NE,NOT AVAILABLE,-77.5418133741731,40.447596849935174
111121,81078.61868991188,500.0,Pennsylvania,NE,PPL ELECTRIC UTILITIES CORP,-77.03635166572447,40.62143634332633
111829,79304.92375822058,500.0,Pennsylvania,NE,NOT AVAILABLE,-79.39518944093166,40.57554863569965
121511,258521.18622888593,500.0,Pennsylvania,NE,NOT AVAILABLE,-79.05014447417616,40.50707579416043
137877,35174.694634009385,500.0,Maryland,NE,THE POTOMAC EDISON COMPANY,-77.4759879742563,39.29046668199766
143442,100493.67319009152,500.0,Maryland,NE,NOT AVAILABLE,-76.95352097781624,39.45338455027026
124541,57122.70559411835,500.0,Maryland,NE,NOT AVAILABLE,-76.78916467444456,39.112292029293215
137877,35174.694634009385,500.0,Maryland,NE,THE POTOMAC EDISON COMPANY,-77.2917577028649,39.33780165993661
121511,258521.18622888593,500.0,Pennsylvania,NE,NOT AVAILABLE,-78.40446230757806,40.59210267485837
135887,157459.15374014553,500.0,Pennsylvania,NE,NOT AVAILABLE,-75.92772109958952,40.23988683181727
112704,37924.18687241858,500.0,Maryland,NE,NOT AVAILABLE,-77.11137945502249,39.25420206281968
116191,38028.604554751364,500.0,Maryland,NE,NOT AVAILABLE,-76.56461585714517,38.52189154495986
121398,94591.92541625485,500.0,Pennsylvania,NE,NOT AVAILABLE,-75.82347996160634,41.372767260229324
112704,37924.18687241858,500.0,Maryland,NE,NOT AVAILABLE,-77.201926354116,39.32983754722357
143442,100493.67319009152,500.0,Maryland,NE,NOT AVAILABLE,-76.70839570994494,39.5990029779702
127288,141836.44368661422,500.0,Pennsylvania,NE,NOT AVAILABLE,-75.76463833869447,41.01362685722547
124541,57122.70559411835,500.0,Maryland,NE,NOT AVAILABLE,-76.84796030810547,39.13062184778908
129943,42041.8152805813,500.0,Pennsylvania,NE,PPL ELECTRIC UTILITIES CORP,-75.28993476591101,40.58188205683886
121511,258521.18622888593,500.0,Pennsylvania,NE,NOT AVAILABLE,-78.10021855243103,40.52884109091038
131724,186363.80015318145,500.0,Pennsylvania,NE,NOT AVAILABLE,-76.00864152094438,40.47585104476129
110903,301729.27657946857,765.0,New York,NE,NOT AVAILABLE,-75.25521613782121,43.417767539698325
131724,186363.80015318145,500.0,Pennsylvania,NE,NOT AVAILABLE,-75.97827621855294,40.48145268318088
124541,57122.70559411835,500.0,Maryland,NE,NOT AVAILABLE,-76.78279382155128,39.05296544290301
131724,186363.80015318145,500.0,Pennsylvania,NE,NOT AVAILABLE,-76.46343887618937,40.424362346970796
138454,235992.91462403352,500.0,Pennsylvania,NE,NOT AVAILABLE,-77.9487251348828,40.15567636411039
127288,141836.44368661422,500.0,Pennsylvania,NE,NOT AVAILABLE,-75.81092924393738,41.05016264191698
167845,61912.49819319372,500.0,Pennsylvania,NE,WEST PENN POWER CO,-79.73858590930921,40.06869013970215
148432,250544.3085953116,500.0,Pennsylvania,NE,NOT AVAILABLE,-78.20007177508583,40.554347133321436
146721,50629.56647755564,500.0,New Jersey,NE,ATLANTIC CITY ELECTRIC CO,-75.1867205855539,39.60693282824859
135887,157459.15374014553,500.0,Pennsylvania,NE,NOT AVAILABLE,-75.63630250192234,40.379841251068996
110903,301729.27657946857,765.0,New York,NE,NOT AVAILABLE,-75.29094743673079,43.500337190738236
110903,301729.27657946857,765.0,New York,NE,NOT AVAILABLE,-75.30176234426786,43.525872865281364
124541,57122.70559411835,500.0,Maryland,NE,NOT AVAILABLE,-76.76692669992312,39.04417926169678
135283,99555.86006265123,500.0,Maryland,NE,BALTIMORE GAS & ELECTRIC CO,-76.57702698111056,38.707019379205725
132142,99533.54604598744,500.0,Maryland,NE,BALTIMORE GAS & ELECTRIC CO,-76.6639129337059,39.036235660975024
138454,235992.91462403352,500.0,Pennsylvania,NE,NOT AVAILABLE,-77.38278758386586,39.90884388609483
143695,38096.42442943705,500.0,New Jersey,NE,NOT AVAILABLE,-74.371697274241,40.32330616908769
110903,301729.27657946857,765.0,New York,NE,NOT AVAILABLE,-75.33736518409185,43.81667209275099
138454,235992.91462403352,500.0,Pennsylvania,NE,NOT AVAILABLE,-78.55923394619428,40.335610564321854
120323,38422.363092769534,500.0,Pennsylvania,NE,NOT AVAILABLE,-79.79607462089416,40.80177936488149
127288,141836.44368661422,500.0,Pennsylvania,NE,NOT AVAILABLE,-75.98068891374302,41.0863877522477
148432,250544.3085953116,500.0,Pennsylvania,NE,NOT AVAILABLE,-79.13273522207199,40.654096152752366
135283,99555.86006265123,500.0,Maryland,NE,BALTIMORE GAS & ELECTRIC CO,-76.5741198531881,38.69889743834228
144843,93073.90518822204,500.0,Pennsylvania,NE,NOT AVAILABLE,-77.04940742073775,40.148327042323814
148432,250544.3085953116,500.0,Pennsylvania,NE,NOT AVAILABLE,-77.1914853254002,40.43274218066282
144843,93073.90518822204,500.0,Pennsylvania,NE,NOT AVAILABLE,-77.16735972097223,40.39020577811225
138454,235992.91462403352,500.0,Pennsylvania,NE,NOT AVAILABLE,-78.92801240275618,40.40885075291838
121511,258521.18622888593,500.0,Pennsylvania,NE,NOT AVAILABLE,-78.75792924961672,40.579575466788405
132142,99533.54604598744,500.0,Maryland,NE,BALTIMORE GAS & ELECTRIC CO,-76.60637143801314,38.86789456872117
117214,119376.86280401035,500.0,Pennsylvania,NE,NOT AVAILABLE,-75.9032572803554,39.96550799118865
147656,85175.33222356951,500.0,New Jersey,NE,JERSEY CENTRAL POWER & LT CO,-74.75406786987233,40.73975338272442
135887,157459.15374014553,500.0,Pennsylvania,NE,NOT AVAILABLE,-76.17390305662785,40.221113788195225
134312,53623.85305293678,765.0,Ohio,EM,"AMERICAN ELECTRIC POWER CO., INC",-82.7191956474203,38.60504674816006
109385,466177.77385540545,500.0,Minnesota,EM,NOT AVAILABLE,-93.19225910999992,47.79142435571021
134312,53623.85305293678,765.0,Ohio,EM,"AMERICAN ELECTRIC POWER CO., INC",-82.61798924214737,38.57871348432028
119511,262295.9631857906,765.0,Indiana,EM,"DUKE ENERGY INDIANA, LLC",-85.43890972213016,38.74644742097948
134312,53623.85305293678,765.0,Ohio,EM,"AMERICAN ELECTRIC POWER CO., INC",-82.56211073825129,38.56544566419975
116142,199853.88991132448,765.0,Indiana,EM,NOT AVAILABLE,-87.0597799265679,38.23080885885528
137023,325625.4276105917,500.0,Minnesota,EM,NOT AVAILABLE,-92.7466415488118,47.34298873522407
109385,466177.77385540545,500.0,Minnesota,EM,NOT AVAILABLE,-94.75054678059423,48.52532418775481
137023,325625.4276105917,500.0,Minnesota,EM,NOT AVAILABLE,-92.74129531522988,47.34678448683998
137023,325625.4276105917,500.0,Minnesota,EM,NOT AVAILABLE,-92.97552707297682,46.05768945321687
135738,53064.83341127983,765.0,Ohio,EM,"AMERICAN ELECTRIC POWER CO., INC",-83.41864235837043,40.32626937529156
137023,325625.4276105917,500.0,Minnesota,EM,NOT AVAILABLE,-92.98983918659364,46.97672588525711
133993,2052.3571764529997,500.0,Missouri,EM,UNION ELECTRIC CO - (MO),-89.57147763563515,36.51439853386932
122006,72647.42885315811,765.0,Ohio,EM,"AMERICAN ELECTRIC POWER CO., INC",-82.98432239197942,38.95499763214735
105541,74288.42581668557,765.0,Illinois,EM,NOT AVAILABLE,-88.5085186770846,41.58827924931077
109385,466177.77385540545,500.0,Minnesota,EM,NOT AVAILABLE,-93.1863908654064,47.60315434382144
145385,228723.00395046137,765.0,Ohio,EM,"AMERICAN ELECTRIC POWER CO., INC",-83.21369312407715,39.763482457804315
109385,466177.77385540545,500.0,Minnesota,EM,NOT AVAILABLE,-95.25284219716094,48.76262556321583
109385,466177.77385540545,500.0,Minnesota,EM,NOT AVAILABLE,-94.09880197397516,48.18019237076316
137023,325625.4276105917,500.0,Minnesota,EM,NOT AVAILABLE,-92.9092364355744,45.59806208614503
145385,228723.00395046137,765.0,Ohio,EM,"AMERICAN ELECTRIC POWER CO., INC",-82.67432176357117,39.35659784899534
109385,466177.77385540545,500.0,Minnesota,EM,NOT AVAILABLE,-95.43956520363429,48.8321605662384
137023,325625.4276105917,500.0,Minnesota,EM,NOT AVAILABLE,-92.90870346511629,45.741138687221934
149013,59016.4686467653,765.0,Illinois,EM,COMED,-88.19501841085709,41.406252687716936
137023,325625.4276105917,500.0,Minnesota,EM,NOT AVAILABLE,-92.96796631255647,46.08958736919193
109385,466177.77385540545,500.0,Minnesota,EM,NOT AVAILABLE,-92.74975265808416,47.36603727017636
137023,325625.4276105917,500.0,Minnesota,EM,NOT AVAILABLE,-92.97746186443577,46.791860149829425
145385,228723.00395046137,765.0,Ohio,EM,"AMERICAN ELECTRIC POWER CO., INC",-83.10704147560666,39.656178299280796
137023,325625.4276105917,500.0,Minnesota,EM,NOT AVAILABLE,-92.94940101024264,46.5391221941922
109385,466177.77385540545,500.0,Minnesota,EM,NOT AVAILABLE,-93.31390761830244,47.94716596088186
137023,325625.4276105917,500.0,Minnesota,EM,NOT AVAILABLE,-92.99381353822649,46.87898858883282
142641,227570.49913650012,765.0,Indiana,EM,NOT AVAILABLE,-86.44127422815555,38.308348903907095
137023,325625.4276105917,500.0,Minnesota,EM,NOT AVAILABLE,-92.90925957797272,45.67147618376423
134312,53623.85305293678,765.0,Ohio,EM,"AMERICAN ELECTRIC POWER CO., INC",-82.4170856991952,38.49345016199439
137023,325625.4276105917,500.0,Minnesota,EM,NOT AVAILABLE,-92.9084694539848,45.79517703315421
145385,228723.00395046137,765.0,Ohio,EM,"AMERICAN ELECTRIC POWER CO., INC",-82.92143737741355,39.51990212791567
137023,325625.4276105917,500.0,Minnesota,EM,NOT AVAILABLE,-92.90889327913584,45.51656614319271
109385,466177.77385540545,500.0,Minnesota,EM,NOT AVAILABLE,-93.9677945484464,48.179916836242434
142641,227570.49913650012,765.0,Indiana,EM,NOT AVAILABLE,-85.4504121552699,38.742749104285345
137023,325625.4276105917,500.0,Minnesota,EM,NOT AVAILABLE,-92.90916340344008,45.78396757296645
109385,466177.77385540545,500.0,Minnesota,EM,NOT AVAILABLE,-92.74989794171672,47.392769665194635
119511,262295.9631857906,765.0,Indiana,EM,"DUKE ENERGY INDIANA, LLC",-85.44334702862949,38.75568569792306
142641,227570.49913650012,765.0,Indiana,EM,NOT AVAILABLE,-86.4917670875816,38.30292476869067
145385,228723.00395046137,765.0,Ohio,EM,"AMERICAN ELECTRIC POWER CO., INC",-83.3939304145734,39.99646344722508
149013,59016.4686467653,765.0,Illinois,EM,COMED,-88.34379729838145,41.38753578986255
109385,466177.77385540545,500.0,Minnesota,EM,NOT AVAILABLE,-94.84974540179981,48.5977782718759
137023,325625.4276105917,500.0,Minnesota,EM,NOT AVAILABLE,-92.99470457715677,46.94924404423461
144740,31789.987865396273,765.0,Ohio,EM,"AMERICAN ELECTRIC POWER CO., INC",-82.20355511321596,39.004623081684606
163166,156613.38034532114,765.0,Indiana,EM,NOT AVAILABLE,-86.36045134407763,41.52347886118388
137023,325625.4276105917,500.0,Minnesota,EM,NOT AVAILABLE,-92.90944915663367,45.648001543259106
109385,466177.77385540545,500.0,Minnesota,EM,NOT AVAILABLE,-93.69036694003815,48.03694164373432
137023,325625.4276105917,500.0,Minnesota,EM,NOT AVAILABLE,-92.91856382283248,45.95808103801658
144740,31789.987865396273,765.0,Ohio,EM,"AMERICAN ELECTRIC POWER CO., INC",-82.32994606236365,39.08599926067528
109385,466177.77385540545,500.0,Minnesota,EM,NOT AVAILABLE,-92.7495791296224,47.418398967790594
119511,262295.9631857906,765.0,Indiana,EM,"DUKE ENERGY INDIANA, LLC",-85.43801639968238,38.74361943509953
149013,59016.4686467653,765.0,Illinois,EM,COMED,-88.31336444268062,41.39857703483079
163166,156613.38034532114,765.0,Indiana,EM,NOT AVAILABLE,-86.02253276636999,41.33244047383525
137023,325625.4276105917,500.0,Minnesota,EM,NOT AVAILABLE,-92.90925700699438,45.665986146708526
149013,59016.4686467653,765.0,Illinois,EM,COMED,-88.14510783400836,41.41289593624195
109385,466177.77385540545,500.0,Minnesota,EM,NOT AVAILABLE,-93.01669767093176,47.535324094261
137023,325625.4276105917,500.0,Minnesota,EM,NOT AVAILABLE,-92.95370843203001,46.342788277186244
137023,325625.4276105917,500.0,Minnesota,EM,NOT AVAILABLE,-92.74304613171863,47.345479864750345
116142,199853.88991132448,765.0,Indiana,EM,NOT AVAILABLE,-87.39925758435005,38.80998656116256
105541,74288.42581668557,765.0,Illinois,EM,NOT AVAILABLE,-88.50866043123642,41.68210263023164
109385,466177.77385540545,500.0,Minnesota,EM,NOT AVAILABLE,-95.28152935677014,48.76000883583648
109385,466177.77385540545,500.0,Minnesota,EM,NOT AVAILABLE,-94.9867704626522,48.70200296788872
109385,466177.77385540545,500.0,Minnesota,EM,NOT AVAILABLE,-95.41679255185578,48.78777735477436
135738,53064.83341127983,765.0,Ohio,EM,"AMERICAN ELECTRIC POWER CO., INC",-83.35588353733905,40.30025163118143
137023,325625.4276105917,500.0,Minnesota,EM,NOT AVAILABLE,-92.84365708421393,47.20556043409717
135738,53064.83341127983,765.0,Ohio,EM,"AMERICAN ELECTRIC POWER CO., INC",-83.15174120935984,40.23048378132993
137023,325625.4276105917,500.0,Minnesota,EM,NOT AVAILABLE,-92.96619480696845,47.02168582410347
109385,466177.77385540545,500.0,Minnesota,EM,NOT AVAILABLE,-93.1760484717088,47.60011988182881
105541,74288.42581668557,765.0,Illinois,EM,NOT AVAILABLE,-88.37451941160374,41.46603759530645
105541,74288.42581668557,765.0,Illinois,EM,NOT AVAILABLE,-88.5065704108964,41.52618607608905
137023,325625.4276105917,500.0,Minnesota,EM,NOT AVAILABLE,-92.88356833397205,47.170438182068736
142641,227570.49913650012,765.0,Indiana,EM,NOT AVAILABLE,-86.77094220488169,38.17692730695752
109385,466177.77385540545,500.0,Minnesota,EM,NOT AVAILABLE,-93.12839221706557,47.575194140864106
109385,466177.77385540545,500.0,Minnesota,EM,NOT AVAILABLE,-92.74493286330988,47.36067895778498
105541,74288.42581668557,765.0,Illinois,EM,NOT AVAILABLE,-88.51450981120897,41.63674313016543
163166,156613.38034532114,765.0,Indiana,EM,NOT AVAILABLE,-85.36573160981622,40.938491210927296
109385,466177.77385540545,500.0,Minnesota,EM,NOT AVAILABLE,-93.91566513194755,48.15386273620896
109385,466177.77385540545,500.0,Minnesota,EM,NOT AVAILABLE,-94.69076964765392,48.476274490139296
109385,466177.77385540545,500.0,Minnesota,EM,NOT AVAILABLE,-94.90807373184994,48.6389879777396
109385,466177.77385540545,500.0,Minnesota,EM,NOT AVAILABLE,-95.43984818642349,48.888916847811
137023,325625.4276105917,500.0,Minnesota,EM,NOT AVAILABLE,-92.90877164724635,45.81324667916936
105541,74288.42581668557,765.0,Illinois,EM,NOT AVAILABLE,-88.43729862439207,41.50302934316453
137023,325625.4276105917,500.0,Minnesota,EM,NOT AVAILABLE,-92.91176528293072,45.906739347766724
137023,325625.4276105917,500.0,Minnesota,EM,NOT AVAILABLE,-92.99664633415243,46.959124540863144
163166,156613.38034532114,765.0,Indiana,EM,NOT AVAILABLE,-85.36750430836696,40.936777999270454
137023,325625.4276105917,500.0,Minnesota,EM,NOT AVAILABLE,-92.94254470866814,47.07064727880171
142641,227570.49913650012,765.0,Indiana,EM,NOT AVAILABLE,-85.78183750169477,38.742975679789595
109385,466177.77385540545,500.0,Minnesota,EM,NOT AVAILABLE,-93.47738635657477,47.95361644512294
137023,325625.4276105917,500.0,Minnesota,EM,NOT AVAILABLE,-92.95442007739807,46.20534987627036
109385,466177.77385540545,500.0,Minnesota,EM,NOT AVAILABLE,-93.93631578336195,48.176582265295956
133261,1070.0015454484835,765.0,Ohio,EM,OHIO POWER CO,-82.77419099959423,38.569018000113246
109385,466177.77385540545,500.0,Minnesota,EM,NOT AVAILABLE,-95.38443496582718,48.756989443740714
109385,466177.77385540545,500.0,Minnesota,EM,NOT AVAILABLE,-93.0655693461544,47.54549385409407
137023,325625.4276105917,500.0,Minnesota,EM,NOT AVAILABLE,-92.90916097709051,45.601732953189995
134312,53623.85305293678,765.0,Ohio,EM,"AMERICAN ELECTRIC POWER CO., INC",-82.65001658501961,38.58306122807832
135738,53064.83341127983,765.0,Ohio,EM,"AMERICAN ELECTRIC POWER CO., INC",-83.05907262161759,40.19885826680144
116142,199853.88991132448,765.0,Indiana,EM,NOT AVAILABLE,-87.37344970488951,38.73789136366971
145385,228723.00395046137,765.0,Ohio,EM,"AMERICAN ELECTRIC POWER CO., INC",-82.76242488576578,39.42702254020263
142641,227570.49913650012,765.0,Indiana,EM,NOT AVAILABLE,-87.02921723107086,37.93093892472633
116142,199853.88991132448,765.0,Indiana,EM,NOT AVAILABLE,-87.40960604437075,38.840542399125326
109385,466177.77385540545,500.0,Minnesota,EM,NOT AVAILABLE,-93.20785431159157,47.671640070151284
109385,466177.77385540545,500.0,Minnesota,EM,NOT AVAILABLE,-95.19011634430048,48.768342283118464
137023,325625.4276105917,500.0,Minnesota,EM,NOT AVAILABLE,-92.90883470897933,45.726416178702
109385,466177.77385540545,500.0,Minnesota,EM,NOT AVAILABLE,-92.74987063293207,47.42793127823732
137023,325625.4276105917,500.0,Minnesota,EM,NOT AVAILABLE,-92.93655806612018,47.084894737881505
119511,262295.9631857906,765.0,Indiana,EM,"DUKE ENERGY INDIANA, LLC",-85.77720170794181,39.94473489406009
137023,325625.4276105917,500.0,Minnesota,EM,NOT AVAILABLE,-92.97077300883018,46.74396684715464
135738,53064.83341127983,765.0,Ohio,EM,"AMERICAN ELECTRIC POWER CO., INC",-83.41125173886493,40.32245458433692
145385,228723.00395046137,765.0,Ohio,EM,"AMERICAN ELECTRIC POWER CO., INC",-82.73444522759627,39.41215000684836
142641,227570.49913650012,765.0,Indiana,EM,NOT AVAILABLE,-86.76263798166424,38.18665256831915
137023,325625.4276105917,500.0,Minnesota,EM,NOT AVAILABLE,-92.97077714108049,46.762507735730864
137023,325625.4276105917,500.0,Minnesota,EM,NOT AVAILABLE,-92.9939265462892,46.9455882629916
119137,22080.967160649663,765.0,Ohio,EM,NOT AVAILABLE,-82.93334358620551,40.1992913351015
137023,325625.4276105917,500.0,Minnesota,EM,NOT AVAILABLE,-92.98087204891732,46.03635007530814
105541,74288.42581668557,765.0,Illinois,EM,NOT AVAILABLE,-88.51456631524033,41.633527160323034
142641,227570.49913650012,765.0,Indiana,EM,NOT AVAILABLE,-86.6285735011887,38.284946904981545
109385,466177.77385540545,500.0,Minnesota,EM,NOT AVAILABLE,-93.42183876238494,47.95191945769996
119511,262295.9631857906,765.0,Indiana,EM,"DUKE ENERGY INDIANA, LLC",-85.57569707169031,39.21555541681681
137023,325625.4276105917,500.0,Minnesota,EM,NOT AVAILABLE,-92.9090717743828,45.60527638070808
116142,199853.88991132448,765.0,Indiana,EM,NOT AVAILABLE,-87.18913310539928,38.51389285327381
137023,325625.4276105917,500.0,Minnesota,EM,NOT AVAILABLE,-92.97070464703708,46.66192955424824
109385,466177.77385540545,500.0,Minnesota,EM,NOT AVAILABLE,-94.9841750501333,48.70034018905231
109385,466177.77385540545,500.0,Minnesota,EM,NOT AVAILABLE,-95.08687611280014,48.76978848710628
109385,466177.77385540545,500.0,Minnesota,EM,NOT AVAILABLE,-93.22523527593313,47.89236867580689
119511,262295.9631857906,765.0,Indiana,EM,"DUKE ENERGY INDIANA, LLC",-85.91473938522451,40.457157381702906
137023,325625.4276105917,500.0,Minnesota,EM,NOT AVAILABLE,-92.88409454730257,47.16990345824443
137023,325625.4276105917,500.0,Minnesota,EM,NOT AVAILABLE,-92.90942660892004,45.63038185194697
109385,466177.77385540545,500.0,Minnesota,EM,NOT AVAILABLE,-93.20433534202738,47.757768448182134
137023,325625.4276105917,500.0,Minnesota,EM,NOT AVAILABLE,-92.90846199796795,45.798605072269794
149013,59016.4686467653,765.0,Illinois,EM,COMED,-88.01000822213602,41.39415338878379
105541,74288.42581668557,765.0,Illinois,EM,NOT AVAILABLE,-88.37398006310717,41.41403199085225
109385,466177.77385540545,500.0,Minnesota,EM,NOT AVAILABLE,-94.55681655557869,48.380055777297095
137023,325625.4276105917,500.0,Minnesota,EM,NOT AVAILABLE,-92.991799605191,46.84681403480462
163166,156613.38034532114,765.0,Indiana,EM,NOT AVAILABLE,-85.3630428192202,40.94568907994651
145385,228723.00395046137,765.0,Ohio,EM,"AMERICAN ELECTRIC POWER CO., INC",-83.40195448199982,40.01366445091542
145385,228723.00395046137,765.0,Ohio,EM,"AMERICAN ELECTRIC POWER CO., INC",-82.61847653506987,39.31130779612798
144740,31789.987865396273,765.0,Ohio,EM,"AMERICAN ELECTRIC POWER CO., INC",-82.15241831983472,38.97507972796896
137023,325625.4276105917,500.0,Minnesota,EM,NOT AVAILABLE,-92.95901657704388,46.50715586496202
137023,325625.4276105917,500.0,Minnesota,EM,NOT AVAILABLE,-92.97207960841095,46.071471281704255
149013,59016.4686467653,765.0,Illinois,EM,COMED,-88.29679586257973,41.40016474786211
105541,74288.42581668557,765.0,Illinois,EM,NOT AVAILABLE,-88.37468317358173,41.48180935604207
163166,156613.38034532114,765.0,Indiana,EM,NOT AVAILABLE,-85.69788189667538,41.075497403124146
149013,59016.4686467653,765.0,Illinois,EM,COMED,-88.20529235293004,41.40609819175029
109385,466177.77385540545,500.0,Minnesota,EM,NOT AVAILABLE,-93.71637855740512,48.05585078370034
137023,325625.4276105917,500.0,Minnesota,EM,NOT AVAILABLE,-92.93957281221368,47.07779375280428
109385,466177.77385540545,500.0,Minnesota,EM,NOT AVAILABLE,-94.3291009074082,48.22141507522995
200071,55478.60588498377,500.0,Washington,NW,BONNEVILLE POWER ADMINISTRATION,-121.86669219313141,47.50492511980133
200090,228485.51952710692,500.0,Washington,NW,BONNEVILLE POWER ADMINISTRATION,-119.027796514145,47.88527584411805
200095,92888.26686301196,500.0,Washington,NW,BONNEVILLE POWER ADMINISTRATION,-118.5944990757873,46.56136372998056
200041,202425.34273857536,500.0,Oregon,NW,BONNEVILLE POWER ADMINISTRATION,-120.8920889594401,45.31245173228688
200094,33923.527808596366,500.0,Oregon,NW,BONNEVILLE POWER ADMINISTRATION,-119.24321386944469,45.835129626260255
200074,210754.0759420903,500.0,Washington,NW,BONNEVILLE POWER ADMINISTRATION,-122.1696185752025,48.48397332486439
200033,291156.0507088918,500.0,Oregon,NW,BONNEVILLE POWER ADMINISTRATION,-121.0324692961506,45.363748995044354
200047,43714.28443592435,500.0,Oregon,NW,BONNEVILLE POWER ADMINISTRATION,-120.7405361677432,45.67743783172493
200110,524355.087552368,500.0,Montana,NW,BONNEVILLE POWER ADMINISTRATION,-112.31221128758041,46.30079740213403
200050,151266.32190980716,500.0,Washington,NW,BONNEVILLE POWER ADMINISTRATION,-120.4454473080483,45.93811243312949
200080,183572.18599233727,500.0,Washington,NW,BONNEVILLE POWER ADMINISTRATION,-120.92174591597549,47.15800197424885
200103,66719.67631128902,500.0,Idaho,NW,BONNEVILLE POWER ADMINISTRATION,-116.6346918789942,46.53577159169132
200090,228485.51952710692,500.0,Washington,NW,BONNEVILLE POWER ADMINISTRATION,-119.5796261475923,46.70139485722457
200104,198835.59451236762,500.0,Washington,NW,BONNEVILLE POWER ADMINISTRATION,-119.0183346742417,47.96046540207956
200019,41170.84844317422,500.0,Oregon,NW,BONNEVILLE POWER ADMINISTRATION,-120.9718219831608,44.35135324180704
200111,524377.6925083214,500.0,Montana,NW,BONNEVILLE POWER ADMINISTRATION,-110.19976604080229,46.30595831420793
200079,183538.31540525676,500.0,Washington,NW,BONNEVILLE POWER ADMINISTRATION,-120.993744975106,47.16069588895344
200089,56513.168120249415,500.0,Washington,NW,BONNEVILLE POWER ADMINISTRATION,-119.9136865213418,46.827217735739524
200066,24657.609023580586,500.0,Washington,NW,BONNEVILLE POWER ADMINISTRATION,-121.96526133427471,47.33828216824999
200031,42545.806170847456,500.0,Oregon,NW,BONNEVILLE POWER ADMINISTRATION,-122.8187092688905,45.365946249819224
200076,291097.35857738234,500.0,Washington,NW,BONNEVILLE POWER ADMINISTRATION,-121.1848975490925,47.7131839296981
200005,130918.37966296125,500.0,Oregon,NW,BONNEVILLE POWER ADMINISTRATION,-121.1839385553058,42.55030135818008
200092,14119.35187147935,500.0,Washington,NW,BONNEVILLE POWER ADMINISTRATION,-118.87456877317659,46.23406383390954
200045,163740.9160214075,500.0,Oregon,NW,BONNEVILLE POWER ADMINISTRATION,-121.1715513786293,45.57654684388635
200082,145032.38758701505,500.0,Washington,NW,BONNEVILLE POWER ADMINISTRATION,-120.2943709073196,47.015494810991456
200051,64965.47710905745,500.0,Oregon,NW,BONNEVILLE POWER ADMINISTRATION,-119.74796410320509,45.83140564125949
200071,55478.60588498377,500.0,Washington,NW,BONNEVILLE POWER ADMINISTRATION,-121.85362210729441,47.586781146770534
200107,128436.56794235346,500.0,Montana,NW,BONNEVILLE POWER ADMINISTRATION,-114.74816745543221,47.522444966143176
200080,183572.18599233727,500.0,Washington,NW,BONNEVILLE POWER ADMINISTRATION,-121.4219116174464,47.24082384826782
200032,98112.80896519481,500.0,Oregon,NW,BONNEVILLE POWER ADMINISTRATION,-122.9155734588285,45.563145320885994
200087,107900.32483483976,500.0,Washington,NW,BONNEVILLE POWER ADMINISTRATION,-119.97131281440409,47.743094291739
200088,76736.14756792151,500.0,Washington,NW,BONNEVILLE POWER ADMINISTRATION,-119.0203520702826,47.96640232402463
200113,260695.51495566173,500.0,Montana,NW,NORTHWESTERN ENERGY LLC - (MT),-107.155407442097,45.95712494378775
200032,98112.80896519481,500.0,Oregon,NW,BONNEVILLE POWER ADMINISTRATION,-123.0675246533539,45.920220722771795
200110,524355.087552368,500.0,Montana,NW,BONNEVILLE POWER ADMINISTRATION,-112.0604638388605,46.29744433576603
200076,291097.35857738234,500.0,Washington,NW,BONNEVILLE POWER ADMINISTRATION,-121.47832281242451,47.77273323123064
200024,126107.38907947633,500.0,Oregon,NW,PACIFICORP,-122.60864781574008,42.27786007977848
200083,91354.05551047537,500.0,Washington,NW,BONNEVILLE POWER ADMINISTRATION,-120.1655182122723,47.40761041123818
200104,198835.59451236762,500.0,Washington,NW,BONNEVILLE POWER ADMINISTRATION,-118.6038938250136,47.80643884009316
200079,183538.31540525676,500.0,Washington,NW,BONNEVILLE POWER ADMINISTRATION,-120.8293380480748,47.15465352090916
200086,82051.55497521504,500.0,Washington,NW,BONNEVILLE POWER ADMINISTRATION,-120.2396123519528,46.95599811621082
200027,145761.32715842672,500.0,Oregon,NW,BONNEVILLE POWER ADMINISTRATION,-122.83040886606541,44.13815511824178
200108,375573.2388670366,500.0,Montana,NW,BONNEVILLE POWER ADMINISTRATION,-114.5530032641016,47.0537053181037
200110,524355.087552368,500.0,Montana,NW,BONNEVILLE POWER ADMINISTRATION,-112.0573000856176,46.289702914073544
200005,130918.37966296125,500.0,Oregon,NW,BONNEVILLE POWER ADMINISTRATION,-121.2584814501832,42.41224538970992
200107,128436.56794235346,500.0,Montana,NW,BONNEVILLE POWER ADMINISTRATION,-115.362762976059,47.57744416122427
200085,60378.346996032946,500.0,Washington,NW,BONNEVILLE POWER ADMINISTRATION,-120.3874450547682,47.12378838689574
200090,228485.51952710692,500.0,Washington,NW,BONNEVILLE POWER ADMINISTRATION,-119.3553931195563,47.393742217769834
200076,291097.35857738234,500.0,Washington,NW,BONNEVILLE POWER ADMINISTRATION,-121.72169511863008,47.875964396918036
200077,175841.95574441418,500.0,Washington,NW,BONNEVILLE POWER ADMINISTRATION,-121.29512920944728,47.280376532147294
200035,226111.13080828852,500.0,Oregon,NW,BONNEVILLE POWER ADMINISTRATION,-121.1541232248875,45.143609412794724
200059,109778.62407959944,500.0,Washington,NW,BONNEVILLE POWER ADMINISTRATION,-122.9930868344154,46.88114326094228
200079,183538.31540525676,500.0,Washington,NW,BONNEVILLE POWER ADMINISTRATION,-121.18036169111829,47.226387885230125
200108,375573.2388670366,500.0,Montana,NW,BONNEVILLE POWER ADMINISTRATION,-113.47622402494221,46.612232628136155
200068,28556.608397229862,500.0,Washington,NW,BONNEVILLE POWER ADMINISTRATION,-121.87369105464659,47.47565178775976
200110,524355.087552368,500.0,Montana,NW,BONNEVILLE POWER ADMINISTRATION,-112.3263507872204,46.294890852018796
200083,91354.05551047537,500.0,Washington,NW,BONNEVILLE POWER ADMINISTRATION,-120.1942119592275,47.33701765579517
200040,201991.79175169973,500.0,Oregon,NW,BONNEVILLE POWER ADMINISTRATION,-120.8165281475817,45.49049885819686
200078,182969.6455958771,500.0,Washington,NW,BONNEVILLE POWER ADMINISTRATION,-120.7704193506098,47.14974163869584
200076,291097.35857738234,500.0,Washington,NW,BONNEVILLE POWER ADMINISTRATION,-121.53375677871401,47.79200549717807
200076,291097.35857738234,500.0,Washington,NW,BONNEVILLE POWER ADMINISTRATION,-120.8287194016948,47.773172801093395
200104,198835.59451236762,500.0,Washington,NW,BONNEVILLE POWER ADMINISTRATION,-118.6815773442103,47.833639394200496
200090,228485.51952710692,500.0,Washington,NW,BONNEVILLE POWER ADMINISTRATION,-119.04616944942721,47.854302812209404
200090,228485.51952710692,500.0,Washington,NW,BONNEVILLE POWER ADMINISTRATION,-119.56332652488409,46.9006452352901
200036,120148.08748352586,500.0,Oregon,NW,BONNEVILLE POWER ADMINISTRATION,-120.24853020266279,45.65576321173084
200110,524355.087552368,500.0,Montana,NW,BONNEVILLE POWER ADMINISTRATION,-110.99786940766909,46.26421776675817
200041,202425.34273857536,500.0,Oregon,NW,BONNEVILLE POWER ADMINISTRATION,-121.0284483075814,44.61994027673089
200074,210754.0759420903,500.0,Washington,NW,BONNEVILLE POWER ADMINISTRATION,-122.19071330159109,48.448514926239646
200068,28556.608397229862,500.0,Washington,NW,BONNEVILLE POWER ADMINISTRATION,-121.9067245061455,47.35855500621976
200100,46982.82169565104,500.0,Washington,NW,BONNEVILLE POWER ADMINISTRATION,-117.73582469074628,46.627250819195595
200103,66719.67631128902,500.0,Idaho,NW,BONNEVILLE POWER ADMINISTRATION,-116.7861393414275,46.47803668688019
200078,182969.6455958771,500.0,Washington,NW,BONNEVILLE POWER ADMINISTRATION,-121.3609486158045,47.27051681478795
200101,47209.61847655579,500.0,Washington,NW,BONNEVILLE POWER ADMINISTRATION,-117.5581247762117,46.63139232782386
200108,375573.2388670366,500.0,Montana,NW,BONNEVILLE POWER ADMINISTRATION,-114.97731693696709,47.290416805890274
200104,198835.59451236762,500.0,Washington,NW,BONNEVILLE POWER ADMINISTRATION,-117.3743170408889,47.74917207187493
200065,57559.015830407276,500.0,Washington,NW,BONNEVILLE POWER ADMINISTRATION,-121.9343752587501,47.33610563913233
200085,60378.346996032946,500.0,Washington,NW,BONNEVILLE POWER ADMINISTRATION,-120.238388043442,47.19109725913541
200063,163676.13617327384,500.0,Washington,NW,BONNEVILLE POWER ADMINISTRATION,-122.6011815796472,46.91869676309796
200096,125348.79983178305,500.0,Washington,NW,BONNEVILLE POWER ADMINISTRATION,-119.15641386675742,46.661734262786986
200108,375573.2388670366,500.0,Montana,NW,BONNEVILLE POWER ADMINISTRATION,-115.0708860516457,47.35300106422162
200041,202425.34273857536,500.0,Oregon,NW,BONNEVILLE POWER ADMINISTRATION,-120.90401043599859,45.254519830684345
200040,201991.79175169973,500.0,Oregon,NW,BONNEVILLE POWER ADMINISTRATION,-121.0212146884348,44.51299821630361
200039,122024.93629451278,500.0,Oregon,NW,BONNEVILLE POWER ADMINISTRATION,-121.02024546463369,44.524345685246814
200043,54874.72019047111,500.0,Oregon,NW,BONNEVILLE POWER ADMINISTRATION,-122.2266641792989,45.44607352786167
200079,183538.31540525676,500.0,Washington,NW,BONNEVILLE POWER ADMINISTRATION,-121.8116557627962,47.33448684999667
200074,210754.0759420903,500.0,Washington,NW,BONNEVILLE POWER ADMINISTRATION,-122.3241642776433,48.74333531485481
200067,24891.553654434883,500.0,Washington,NW,BONNEVILLE POWER ADMINISTRATION,-122.1053652423043,47.32703234369922
200110,524355.087552368,500.0,Montana,NW,BONNEVILLE POWER ADMINISTRATION,-110.45631705533259,46.360031873868685
200028,155497.8667168792,500.0,Oregon,NW,BONNEVILLE POWER ADMINISTRATION,-123.17019855096649,44.1413714939473
200033,291156.0507088918,500.0,Oregon,NW,BONNEVILLE POWER ADMINISTRATION,-122.14524153232651,44.968551552185296
200041,202425.34273857536,500.0,Oregon,NW,BONNEVILLE POWER ADMINISTRATION,-120.75045593913391,45.582650811151574
200056,42641.81795206447,500.0,Washington,NW,BONNEVILLE POWER ADMINISTRATION,-119.6391241407362,46.5837620261842
200110,524355.087552368,500.0,Montana,NW,BONNEVILLE POWER ADMINISTRATION,-112.3350553832718,46.2908954161716
200079,183538.31540525676,500.0,Washington,NW,BONNEVILLE POWER ADMINISTRATION,-120.5457551941196,47.11998432229971
200085,60378.346996032946,500.0,Washington,NW,BONNEVILLE POWER ADMINISTRATION,-120.1752699861285,47.255069052292264
200098,56582.702980476926,500.0,Washington,NW,BONNEVILLE POWER ADMINISTRATION,-118.45452903020978,46.565731882067034
200082,145032.38758701505,500.0,Washington,NW,BONNEVILLE POWER ADMINISTRATION,-119.78827385280991,46.61267796501913
200373,1436.814706497223,500.0,Oregon,NW,BONNEVILLE POWER ADMINISTRATION,-121.11017427520099,45.60366037775894
200084,171730.62932738994,500.0,Washington,NW,BONNEVILLE POWER ADMINISTRATION,-119.7332899137316,47.41143442410085
206645,2247.26643612798,500.0,Washington,NW,BONNEVILLE POWER ADMINISTRATION,-119.64358413598471,47.99543481580422
200041,202425.34273857536,500.0,Oregon,NW,BONNEVILLE POWER ADMINISTRATION,-120.91572653342871,44.82777541569005
200109,375645.13290656323,500.0,Montana,NW,BONNEVILLE POWER ADMINISTRATION,-114.0648949632749,46.791330205995294
200086,82051.55497521504,500.0,Washington,NW,BONNEVILLE POWER ADMINISTRATION,-120.22694963323259,46.94787409494555
200045,163740.9160214075,500.0,Oregon,NW,BONNEVILLE POWER ADMINISTRATION,-121.4812906628669,45.533719532834674
200079,183538.31540525676,500.0,Washington,NW,BONNEVILLE POWER ADMINISTRATION,-121.4925196757836,47.2123019071013
200029,6256.2581314787085,500.0,Oregon,NW,BONNEVILLE POWER ADMINISTRATION,-122.6698624804088,44.77469567794308
200110,524355.087552368,500.0,Montana,NW,BONNEVILLE POWER ADMINISTRATION,-112.64155282282042,46.460854065269004
200375,1812.2527211949387,500.0,Oregon,NW,BONNEVILLE POWER ADMINISTRATION,-121.11350881255251,45.59996268280357
200107,128436.56794235346,500.0,Montana,NW,BONNEVILLE POWER ADMINISTRATION,-114.65943639827759,47.55852329081471
200109,375645.13290656323,500.0,Montana,NW,BONNEVILLE POWER ADMINISTRATION,-114.8351268839295,47.22720470510712
200111,524377.6925083214,500.0,Montana,NW,BONNEVILLE POWER ADMINISTRATION,-109.3895830768191,46.14345424126958
200080,183572.18599233727,500.0,Washington,NW,BONNEVILLE POWER ADMINISTRATION,-120.5457658777832,47.1203242277894
200065,57559.015830407276,500.0,Washington,NW,BONNEVILLE POWER ADMINISTRATION,-122.0671055928067,47.34681952384336
200081,7122.129925791816,500.0,Washington,NW,BONNEVILLE POWER ADMINISTRATION,-121.9118106406217,47.35594517003536
200096,125348.79983178305,500.0,Washington,NW,BONNEVILLE POWER ADMINISTRATION,-119.07153062723971,46.641198326775466
200020,35317.0439800693,500.0,Oregon,NW,PORTLAND GENERAL ELECTRIC CO,-121.0202721499875,44.48189671181964
200077,175841.95574441418,500.0,Washington,NW,BONNEVILLE POWER ADMINISTRATION,-121.47788288676858,47.214338683269645
200113,260695.51495566173,500.0,Montana,NW,NORTHWESTERN ENERGY LLC - (MT),-107.74878735723401,46.019917875018606
200056,42641.81795206447,500.0,Washington,NW,BONNEVILLE POWER ADMINISTRATION,-119.8124419331777,46.52283052717129
200073,30851.306221834213,500.0,Washington,NW,BONNEVILLE POWER ADMINISTRATION,-122.0595148079947,47.80707315810852
200041,202425.34273857536,500.0,Oregon,NW,BONNEVILLE POWER ADMINISTRATION,-120.8124333857682,45.469783639844046
200087,107900.32483483976,500.0,Washington,NW,BONNEVILLE POWER ADMINISTRATION,-120.25988448744249,47.52945865717561
200108,375573.2388670366,500.0,Montana,NW,BONNEVILLE POWER ADMINISTRATION,-114.24110714642642,46.86920433498857
200075,208268.35930796847,500.0,Washington,NW,BONNEVILLE POWER ADMINISTRATION,-122.19044930289878,48.38826777280917
200104,198835.59451236762,500.0,Washington,NW,BONNEVILLE POWER ADMINISTRATION,-117.95077438041409,47.73082865198523
200040,201991.79175169973,500.0,Oregon,NW,BONNEVILLE POWER ADMINISTRATION,-120.75112879794291,45.57289238974702
200026,130308.3215696408,500.0,Oregon,NW,PACIFICORP,-123.03403046942051,43.993858046728704
200016,121016.81148672027,500.0,Oregon,NW,BONNEVILLE POWER ADMINISTRATION,-120.950092118222,44.275094458767136
200086,82051.55497521504,500.0,Washington,NW,BONNEVILLE POWER ADMINISTRATION,-120.2627894953409,46.9766483757962
200075,208268.35930796847,500.0,Washington,NW,BONNEVILLE POWER ADMINISTRATION,-122.0476209842755,48.01157286285019
200096,125348.79983178305,500.0,Washington,NW,BONNEVILLE POWER ADMINISTRATION,-118.66530036533541,46.599763804742295
200108,375573.2388670366,500.0,Montana,NW,BONNEVILLE POWER ADMINISTRATION,-113.1516498695762,46.435721943694965
200078,182969.6455958771,500.0,Washington,NW,BONNEVILLE POWER ADMINISTRATION,-121.8840886066993,47.36349141595407
200108,375573.2388670366,500.0,Montana,NW,BONNEVILLE POWER ADMINISTRATION,-114.99871208603778,47.32157828503375
200080,183572.18599233727,500.0,Washington,NW,BONNEVILLE POWER ADMINISTRATION,-120.8952479938328,47.15727711404951
200113,260695.51495566173,500.0,Montana,NW,NORTHWESTERN ENERGY LLC - (MT),-107.2160728255971,45.958079991987745
200076,291097.35857738234,500.0,Washington,NW,BONNEVILLE POWER ADMINISTRATION,-119.9121227870958,47.78193992613183
200101,47209.61847655579,500.0,Washington,NW,BONNEVILLE POWER ADMINISTRATION,-117.79741105582158,46.601790288210076
200104,198835.59451236762,500.0,Washington,NW,BONNEVILLE POWER ADMINISTRATION,-118.83243965035558,47.875957050822585
200080,183572.18599233727,500.0,Washington,NW,BONNEVILLE POWER ADMINISTRATION,-120.83509377867891,47.155197574703855
200063,163676.13617327384,500.0,Washington,NW,BONNEVILLE POWER ADMINISTRATION,-122.70769754657721,46.82785470228952
200111,524377.6925083214,500.0,Montana,NW,BONNEVILLE POWER ADMINISTRATION,-111.61617260156191,46.20984627871843
200079,183538.31540525676,500.0,Washington,NW,BONNEVILLE POWER ADMINISTRATION,-121.9275868617263,47.34396282212911
200101,47209.61847655579,500.0,Washington,NW,BONNEVILLE POWER ADMINISTRATION,-117.46158260625191,46.66074149326071
200075,208268.35930796847,500.0,Washington,NW,BONNEVILLE POWER ADMINISTRATION,-122.33911791234051,48.75085464683665
200108,375573.2388670366,500.0,Montana,NW,BONNEVILLE POWER ADMINISTRATION,-113.42252595142959,46.565108678248826
200082,145032.38758701505,500.0,Washington,NW,BONNEVILLE POWER ADMINISTRATION,-120.0792790664445,46.85933109810292
200077,175841.95574441418,500.0,Washington,NW,BONNEVILLE POWER ADMINISTRATION,-121.26712488623501,47.268280479258145
200080,183572.18599233727,500.0,Washington,NW,BONNEVILLE POWER ADMINISTRATION,-121.33174339597441,47.28603426512845
200083,91354.05551047537,500.0,Washington,NW,BONNEVILLE POWER ADMINISTRATION,-120.4128240937835,47.18231146312978
312950,72652.63645357508,500.0,California,SW,PACIFIC GAS & ELECTRIC COMPANY,-121.5814879995643,37.66237200030898
311014,129566.97349525295,500.0,California,SW,NOT AVAILABLE,-121.56233382642891,37.748625197177745
300757,92311.4203541734,500.0,California,SW,AZUSA LIGHT & POWER,-117.6925279997027,34.52102700025655
306952,61595.99251212758,500.0,California,SW,AZUSA LIGHT & POWER,-117.436081000201,34.21277599982638
310576,68610.54617232263,500.0,Arizona,SW,NOT AVAILABLE,-112.6450169996438,33.43568099987274
311072,221912.13001340255,500.0,California,SW,NOT AVAILABLE,-119.4535379998657,35.39790600028685
308761,87705.24555765554,500.0,Arizona,SW,ARIZONA PUBLIC SERVICE COMPANY,-112.8524259999498,33.382775000041754
303737,155643.11385139017,500.0,California,SW,NOT AVAILABLE,-115.3084107340852,33.69405819930461
305860,151786.26240461026,500.0,California,SW,LADWP,-118.1891849328778,34.55797599309093
301040,61158.78724348228,500.0,California,SW,AZUSA LIGHT & POWER,-115.1023095541704,33.60198317113719
312950,72652.63645357508,500.0,California,SW,PACIFIC GAS & ELECTRIC COMPANY,-121.678931000091,37.36533700007672
306614,59588.163111859416,500.0,Texas,SW,ENTERGY TEXAS INC.,-93.74017123001909,30.26581535014401
300929,174184.25103151464,500.0,California,SW,PACIFIC GAS & ELECTRIC COMPANY,-121.7619979997162,39.20993799979921
304264,134356.6504566425,500.0,California,SW,NOT AVAILABLE,-118.1300334558716,34.45244401976825
302852,34265.294042837006,500.0,California,SW,AZUSA LIGHT & POWER,-118.1595000001095,34.5358379999366
305860,151786.26240461026,500.0,California,SW,LADWP,-118.1191442774235,34.50607572594807
310543,14045.646145344064,500.0,California,SW,AZUSA LIGHT & POWER,-117.32886894492701,34.5639511092732
312950,72652.63645357508,500.0,California,SW,PACIFIC GAS & ELECTRIC COMPANY,-121.65644999984421,37.41818099993005
309614,152121.91484692626,500.0,California,SW,NOT AVAILABLE,-118.3324580002117,34.512991999976336
309870,415007.4055867074,500.0,Nevada,SW,NOT AVAILABLE,-114.98028016018739,39.26731975373777
306426,53118.45751744915,500.0,Nevada,SW,NEVADA POWER COMPANY,-114.92160950014879,36.38187906385485
303804,2185.1674919408983,500.0,Arizona,SW,ARIZONA PUBLIC SERVICE COMPANY,-111.2851767190131,32.54346462322147
302324,90069.89536124979,500.0,Arizona,SW,NOT AVAILABLE,-111.4388034323418,32.968703723370716
303431,167884.44867185922,500.0,California,SW,NOT AVAILABLE,-118.31262800023359,34.52644999964715
304311,188435.30823074977,500.0,California,SW,PACIFIC GAS & ELECTRIC COMPANY,-121.93311999968451,40.80041200005744
311608,87291.29631792624,500.0,Arizona,SW,ARIZONA PUBLIC SERVICE COMPANY,-112.67848000035879,33.53002099978603
311014,129566.97349525295,500.0,California,SW,NOT AVAILABLE,-121.1377489997899,37.30632999984237
300929,174184.25103151464,500.0,California,SW,PACIFIC GAS & ELECTRIC COMPANY,-121.841981000326,39.01872799978964
305988,290018.30339572584,500.0,California,SW,PACIFIC GAS & ELECTRIC COMPANY,-119.87819561609379,35.90869448784138
311014,129566.97349525295,500.0,California,SW,NOT AVAILABLE,-121.1334780001958,37.292957999820025
309614,152121.91484692626,500.0,California,SW,NOT AVAILABLE,-118.0996839997618,34.50069899988248
302249,154045.22378331097,500.0,California,SW,LADWP,-118.5036049068696,34.43049444532451
309454,119315.849374045,500.0,Arizona,SW,NOT AVAILABLE,-112.88212600016041,33.36368200032803
313021,351843.8916592481,500.0,Arizona,SW,NOT AVAILABLE,-110.78458399977859,34.00651399982142
312503,154021.00539582316,500.0,California,SW,NOT AVAILABLE,-118.4783039997245,34.28059200027933
312810,81200.18085017,500.0,California,SW,NOT AVAILABLE,-116.79395899990591,33.904137999686476
311338,117079.88796626445,500.0,Nevada,SW,NEVADA POWER COMPANY,-114.94026310775341,35.468731442786456
300929,174184.25103151464,500.0,California,SW,PACIFIC GAS & ELECTRIC COMPANY,-121.848056000267,38.95240800030484
310543,14045.646145344064,500.0,California,SW,AZUSA LIGHT & POWER,-117.37766143006408,34.545481116838424
305988,290018.30339572584,500.0,California,SW,PACIFIC GAS & ELECTRIC COMPANY,-120.6082639996343,36.587778000301036
300570,152121.91484692626,500.0,California,SW,NOT AVAILABLE,-118.3324580002117,34.512991999976336
304311,188435.30823074977,500.0,California,SW,PACIFIC GAS & ELECTRIC COMPANY,-121.65087000037079,39.562333000012174
305569,152516.0537194488,500.0,Arizona,SW,ARIZONA PUBLIC SERVICE COMPANY,-112.22153782933809,33.862346370825236
313021,351843.8916592481,500.0,Arizona,SW,NOT AVAILABLE,-110.9396450001209,33.52694300011032
310543,14045.646145344064,500.0,California,SW,AZUSA LIGHT & POWER,-117.4271903477829,34.54546470612836
310570,170848.902577473,500.0,California,SW,SAN DIEGO GAS & ELECTRIC,-116.6176509997512,32.65724000017283
309249,101433.58894129422,500.0,Arizona,SW,NOT AVAILABLE,-112.25415499973771,33.39869600019011
312319,167137.52383812953,500.0,California,SW,PACIFIC GAS & ELECTRIC COMPANY,-120.1722330004435,36.14586499983199
300443,53402.98349678922,500.0,Nevada,SW,NOT AVAILABLE,-114.9175640001489,36.61894099964928
309085,10373.467253427847,500.0,Nevada,SW,NEVADA POWER COMPANY,-114.9121892953623,36.426211432339784
302392,152688.37903461352,500.0,Arizona,SW,NAVAJO TRIBAL UTILITY AUTHORITY,-111.4044929996154,35.995161999829115
300148,400772.1525477979,500.0,Arizona,SW,NOT AVAILABLE,-110.941436000049,33.555145999806946
304350,166912.67292578347,500.0,California,SW,PACIFIC GAS & ELECTRIC COMPANY,-119.4667740000441,35.39071999998887
304240,6500.333464265239,500.0,Arizona,SW,ARIZONA PUBLIC SERVICE COMPANY,-112.84648499990308,33.37835699980982
305988,290018.30339572584,500.0,California,SW,PACIFIC GAS & ELECTRIC COMPANY,-120.7465849997599,36.76310399967046
311014,129566.97349525295,500.0,California,SW,NOT AVAILABLE,-121.0696670004384,37.091719999826104
310570,170848.902577473,500.0,California,SW,SAN DIEGO GAS & ELECTRIC,-116.4189840004468,32.74411999981712
310570,170848.902577473,500.0,California,SW,SAN DIEGO GAS & ELECTRIC,-116.25962800022091,32.681055999868605
312340,102101.24271034883,500.0,California,SW,SAN DIEGO GAS & ELECTRIC,-116.5743450003647,32.58605499968312
310570,170848.902577473,500.0,California,SW,SAN DIEGO GAS & ELECTRIC,-116.6992797463009,32.719066906351074
311813,162599.72980479494,500.0,California,SW,PACIFIC GAS & ELECTRIC COMPANY,-120.86260499956379,36.85026399994479
305093,116485.42554421295,500.0,California,SW,NOT AVAILABLE,-121.13486099969481,37.29610599992965
300929,174184.25103151464,500.0,California,SW,PACIFIC GAS & ELECTRIC COMPANY,-121.9315430000167,38.46931800029952
306003,423940.0661886997,500.0,Arizona,SW,NOT AVAILABLE,-110.8874970001738,33.674862000238306
308243,52728.296676614205,500.0,Arizona,SW,ARIZONA PUBLIC SERVICE COMPANY,-112.1331479999391,33.76795099970957
306003,423940.0661886997,500.0,Arizona,SW,NOT AVAILABLE,-111.1452790003923,33.03678799969891
312319,167137.52383812953,500.0,California,SW,PACIFIC GAS & ELECTRIC COMPANY,-120.9192139999741,36.89732700026897
304823,145542.00211534253,500.0,California,SW,NOT AVAILABLE,-118.67986300022041,35.05458499991321
308398,78324.45257749205,500.0,California,SW,AZUSA LIGHT & POWER,-117.57821900035931,33.75800400014707
311014,129566.97349525295,500.0,California,SW,NOT AVAILABLE,-121.5108150002186,37.68200399992767
304302,13286.273545069529,500.0,California,SW,AZUSA LIGHT & POWER,-117.3221608707642,34.56351104603617
305988,290018.30339572584,500.0,California,SW,PACIFIC GAS & ELECTRIC COMPANY,-120.5734569997784,36.56343600007062
310731,86563.79431511226,500.0,Arizona,SW,ARIZONA PUBLIC SERVICE COMPANY,-112.0842780000744,34.313276999836475
303431,167884.44867185922,500.0,California,SW,NOT AVAILABLE,-117.33900599992029,34.56333099992529
305988,290018.30339572584,500.0,California,SW,PACIFIC GAS & ELECTRIC COMPANY,-120.9576639997855,36.96080399979102
312406,165600.0829232852,500.0,California,SW,PACIFIC GAS & ELECTRIC COMPANY,-120.39393670860929,35.16230691367325
305860,151786.26240461026,500.0,California,SW,LADWP,-118.4574149740613,34.462847853659355
302249,154045.22378331097,500.0,California,SW,LADWP,-118.1410403208085,34.51594810992267
305988,290018.30339572584,500.0,California,SW,PACIFIC GAS & ELECTRIC COMPANY,-120.9361159996742,36.935493999932135
300757,92311.4203541734,500.0,California,SW,AZUSA LIGHT & POWER,-117.36874397640949,34.36669146969118
311072,221912.13001340255,500.0,California,SW,NOT AVAILABLE,-118.55783100022471,34.60441299971163
300570,152121.91484692626,500.0,California,SW,NOT AVAILABLE,-118.49265999963622,34.30283999987555
305093,116485.42554421295,500.0,California,SW,NOT AVAILABLE,-121.0813469999671,37.13883600021915
307267,16557.329350354714,500.0,Arizona,SW,ARIZONA PUBLIC SERVICE COMPANY,-112.3219390000617,33.71208900001394
304798,59920.2762939489,500.0,California,SW,AZUSA LIGHT & POWER,-117.40961499969191,34.34052700033668
302249,154045.22378331097,500.0,California,SW,LADWP,-118.157713369587,34.53165612787458
302249,154045.22378331097,500.0,California,SW,LADWP,-117.71715751229272,34.508750687025625
312982,96253.71505784748,500.0,Nevada,SW,NEVADA POWER COMPANY,-114.9395380002325,36.09207499986665
311813,162599.72980479494,500.0,California,SW,PACIFIC GAS & ELECTRIC COMPANY,-120.3712909995602,36.3831730003306
300929,174184.25103151464,500.0,California,SW,PACIFIC GAS & ELECTRIC COMPANY,-121.95318999986219,38.69794799969996
310543,14045.646145344064,500.0,California,SW,AZUSA LIGHT & POWER,-117.41183928672591,34.54551823570832
300929,174184.25103151464,500.0,California,SW,PACIFIC GAS & ELECTRIC COMPANY,-121.7547129996302,39.24850100008466
308396,38239.41820043385,500.0,California,SW,NOT AVAILABLE,-117.73601499973749,33.9135249996759
305988,290018.30339572584,500.0,California,SW,PACIFIC GAS & ELECTRIC COMPANY,-120.5433480002122,36.54447699976326
312323,104634.0835752972,500.0,Arizona,SW,NOT AVAILABLE,-111.50374100031391,35.780671000163345
300929,174184.25103151464,500.0,California,SW,PACIFIC GAS & ELECTRIC COMPANY,-121.7520480000161,39.35627300025649
311014,129566.97349525295,500.0,California,SW,NOT AVAILABLE,-121.29105099999121,37.551236000280426
305860,151786.26240461026,500.0,California,SW,LADWP,-118.1114318202978,34.5039659322709
300929,174184.25103151464,500.0,California,SW,PACIFIC GAS & ELECTRIC COMPANY,-121.75427800033529,39.25244499997051
300780,157070.15182306228,500.0,California,SW,PACIFIC GAS & ELECTRIC COMPANY,-120.2375559995713,35.939804000113725
303737,155643.11385139017,500.0,California,SW,NOT AVAILABLE,-116.1457193808979,33.733377271351145
303842,17939.214348406662,500.0,California,SW,PACIFIC GAS & ELECTRIC COMPANY,-121.5797387569239,37.79219218423346
311014,129566.97349525295,500.0,California,SW,NOT AVAILABLE,-121.13905799966909,37.310196999992094
308243,52728.296676614205,500.0,Arizona,SW,ARIZONA PUBLIC SERVICE COMPANY,-112.12183559641451,33.709650990250076
312982,96253.71505784748,500.0,Nevada,SW,NEVADA POWER COMPANY,-114.94425900008851,35.92642699963921
303737,155643.11385139017,500.0,California,SW,NOT AVAILABLE,-116.0994529996623,33.71531699964581
304769,123560.58994629467,500.0,Arizona,SW,NOT AVAILABLE,-114.2748329995834,32.76377800023047
309249,101433.58894129422,500.0,Arizona,SW,NOT AVAILABLE,-112.4513950000605,33.312524999994004
306003,423940.0661886997,500.0,Arizona,SW,NOT AVAILABLE,-110.9307790001692,33.492862999757016
312503,154021.00539582316,500.0,California,SW,NOT AVAILABLE,-118.49164899968291,34.315091999832184
311014,129566.97349525295,500.0,California,SW,NOT AVAILABLE,-121.37850100026189,37.60291699973406
300929,174184.25103151464,500.0,California,SW,PACIFIC GAS & ELECTRIC COMPANY,-121.92076060969629,38.40101425793699
302324,90069.89536124979,500.0,Arizona,SW,NOT AVAILABLE,-111.5950720001913,33.35705599982923
309870,415007.4055867074,500.0,Nevada,SW,NOT AVAILABLE,-114.9775989998814,37.235501999655035
309454,119315.849374045,500.0,Arizona,SW,NOT AVAILABLE,-113.031279000068,33.515730999829515
308964,71697.85446080571,500.0,California,SW,AZUSA LIGHT & POWER,-118.11806607091049,34.48629957475279
311014,129566.97349525295,500.0,California,SW,NOT AVAILABLE,-121.58099831802151,37.789675658155325
308400,188411.48334692387,500.0,California,SW,PACIFIC GAS & ELECTRIC COMPANY,-121.94167000016711,40.72753199969056
306952,61595.99251212758,500.0,California,SW,AZUSA LIGHT & POWER,-117.5640339246933,34.01118567793757
304886,155556.7495116524,500.0,California,SW,NOT AVAILABLE,-115.3765470752232,33.69409151205529
312319,167137.52383812953,500.0,California,SW,PACIFIC GAS & ELECTRIC COMPANY,-120.98764799967822,36.97227999977883
305860,151786.26240461026,500.0,California,SW,LADWP,-118.3691975268737,34.49645713093543
311072,221912.13001340255,500.0,California,SW,NOT AVAILABLE,-118.63410400003359,34.61257200027912
305988,290018.30339572584,500.0,California,SW,PACIFIC GAS & ELECTRIC COMPANY,-120.9819319997624,36.99201599975471
305860,151786.26240461026,500.0,California,SW,LADWP,-117.9860595148682,34.51039773831307
312982,96253.71505784748,500.0,Nevada,SW,NEVADA POWER COMPANY,-114.9117000000951,35.99435300021595
303376,31960.125986612402,500.0,California,SW,AZUSA LIGHT & POWER,-118.3222259995811,35.00102899975486
305988,290018.30339572584,500.0,California,SW,PACIFIC GAS & ELECTRIC COMPANY,-120.77308499970579,36.77918199997693
304573,92284.83017335553,500.0,California,SW,AZUSA LIGHT & POWER,-117.36874397640949,34.36669146969118
304886,155556.7495116524,500.0,California,SW,NOT AVAILABLE,-116.2197304982798,33.7653016410056
304311,188435.30823074977,500.0,California,SW,PACIFIC GAS & ELECTRIC COMPANY,-121.7806540004327,39.807608999695894
312319,167137.52383812953,500.0,California,SW,PACIFIC GAS & ELECTRIC COMPANY,-120.44371700009751,36.44189799990357
302249,154045.22378331097,500.0,California,SW,LADWP,-117.63429923532541,34.52159710765042
312503,154021.00539582316,500.0,California,SW,NOT AVAILABLE,-118.4143830003623,34.48081200006175
311813,162599.72980479494,500.0,California,SW,PACIFIC GAS & ELECTRIC COMPANY,-120.675761999728,36.665594000104406
308398,78324.45257749205,500.0,California,SW,AZUSA LIGHT & POWER,-117.34871399977101,33.741095999713
302324,90069.89536124979,500.0,Arizona,SW,NOT AVAILABLE,-111.512804669154,33.270038665301534
312319,167137.52383812953,500.0,California,SW,PACIFIC GAS & ELECTRIC COMPANY,-120.36860699967959,36.36539399980563
311014,129566.97349525295,500.0,California,SW,NOT AVAILABLE,-121.25684900020781,37.52335099999327
306952,61595.99251212758,500.0,California,SW,AZUSA LIGHT & POWER,-117.433556000329,34.19869599984461
306426,53118.45751744915,500.0,Nevada,SW,NEVADA POWER COMPANY,-115.050161849769,36.30688430877299
306611,99250.11094441537,500.0,Arizona,SW,NOT AVAILABLE,-112.6430469996157,33.228917000128604
305988,290018.30339572584,500.0,California,SW,PACIFIC GAS & ELECTRIC COMPANY,-120.3832239997072,36.393442999972464
308311,91174.74534129523,500.0,Arizona,SW,ARIZONA PUBLIC SERVICE COMPANY,-113.251566000352,33.06495100033081
306708,34323.10236547089,500.0,California,SW,AZUSA LIGHT & POWER,-118.1216169998375,34.50093700023801
311608,87291.29631792624,500.0,Arizona,SW,ARIZONA PUBLIC SERVICE COMPANY,-112.78883699995029,33.40676699981646
306009,476.3921029255432,500.0,Arizona,SW,ARIZONA PUBLIC SERVICE COMPANY,-112.3221807600608,33.706596099025866
311813,162599.72980479494,500.0,California,SW,PACIFIC GAS & ELECTRIC COMPANY,-120.3150000000655,36.33207100024424
305860,151786.26240461026,500.0,California,SW,LADWP,-118.48640241801209,34.39432289875616
311014,129566.97349525295,500.0,California,SW,NOT AVAILABLE,-121.26599499964371,37.530834999676095
